company_id,company_name,prefecture,address,phone,url,status
00-000083,今井産業㈱,島根,江津市桜江町川戸４７２－１,0855－92－1321,https://www.imai-corp.co.jp,pending
00-008613,カナツ技建工業㈱,島根,松江市春日町６３６,0852－25－5555,https://www.kanatsu.co.jp,pending
00-000297,松江土建㈱,島根,松江市学園南２－３－５,0852－21－3521,https://www.jyukatsukyo.or.jp/builderlist,pending
00-020630,徳栄建設㈱,島根,益田市下本郷町４５４－１,0856－22－8103,https://tokuei-kk.co.jp,pending
00-002874,大畑建設㈱,島根,益田市大谷町３６－３,0856－23－3530,http://www.fujiikoumuten.jp,pending
00-006983,今岡工業㈱,島根,出雲市塩冶神前２－８－１６,0853－23－7778,https://www.shigeokakoumuten.co.jp,pending
00-026419,㈱ひらぎの,島根,松江市学園１－１６－６,0852－24－3882,https://yoshizaki.co.jp,pending
00-025584,ハウジング・スタッフ㈱,島根,松江市東津田町４５３－２,0852－67－3857,https://housing-staff.jp,pending
00-020118,中央建設㈱,島根,出雲市塩冶善行町１０－１,0853－22－6744,https://ckg.jp,pending
32-000699,宮田建設工業㈱,島根,浜田市朝日町９１－１３,0855－22－3388,https://miyatakk.co.jp,pending
32-008911,平井建設㈱,島根,安来市安来町７６３－３,0854－22－2218,https://www.hiraikensetsu.jp,pending
32-003656,㈱豊洋,島根,松江市西川津町２１０８－３,0852－28－1111,https://www.shigeokakoumuten.co.jp,pending
00-018110,西日本ホーム㈱,島根,松江市袖師町２－３２,0852－24－7703,https://kanami-k.jp,pending
00-027283,㈱ＳＡＦＥ,島根,松江市西津田６－１－４５,0852－28－1197,https://www.horikk.co.jp/house/index.cgi,pending
32-000244,㈱原工務所,島根,江津市敬川町１３０６－３,0855－53－0311,https://harakoumusyo.co.jp,pending
32-000500,㈱たなべの杜,島根,松江市乃木福富町３４０,0852－60－5800,https://yoshizaki.co.jp,pending
32-006380,㈱建装,島根,出雲市平田町１７３３－６,0853－63－3471,https://www.kenso-shimane.co.jp,pending
32-004432,ヒロシ㈱,島根,出雲市上塩冶町２４５３－３,0853－23－4479,https://www.hiroshi-c.jp,pending
32-006606,昭和開発工業㈱,島根,出雲市西郷町３３４－１,0853－63－3327,https://www.showa-dev.co.jp,pending
32-000762,㈱内藤組,島根,出雲市今市町２５７－１,0853－21－0572,http://naitogumi.co.jp,pending
32-000494,久文建設㈱,島根,出雲市大津町７０１－７,0853－21－8537,https://www.qbic.jp/company/profile,pending
32-001851,㈱御船組,島根,出雲市今市町３１１－９,0853－21－0808,https://kanami-k.jp,pending
32-001556,内藤建設工業㈱,島根,出雲市大津町５８５,0853－22－6657,https://naitou-k.jp,pending
32-000938,㈱井上組,島根,江津市桜江町小田９４３－１２,0855－92－0151,https://inoue-inc.co.jp,pending
32-005264,岩見建設㈲,島根,益田市かもしま西町６－２１,0856－22－8268,https://www.r-iwami.jp,pending
32-004845,㈲大廣建設,島根,松江市馬潟町３４１－４,0852－33－7889,https://dai-kou.co.jp,pending
32-009963,森下建設㈱,島根,江津市桜江町市山５４３－１６,0855－92－1360,https://morishita-co.jp,pending
32-006036,㈲常松建設,島根,出雲市平野町２０－３,0853－20－2897,https://www.tsunematsu.co.jp,pending
32-000740,林谷工業㈱,島根,松江市東津田町８０４－１,0852－24－3310,https://hayashitani.co.jp,pending
32-005636,㈱コーユー,島根,大田市久手町刺鹿１８３１,0854－82－8126,https://www.kkkoyu.jp,pending
32-007818,明光建設㈱,島根,浜田市日脚町２５２－１,0855－24－7388,https://meikou-k.jp/publics/index/3,pending
32-008267,㈱第一ホーム,島根,浜田市黒川町１０８－１,0855－23－1520,https://dai1home-hamada.jp,pending
32-003918,㈲石川工務店,島根,出雲市塩冶町７８１－１９,0853－22－7165,https://daiku-is.jp,pending
32-004287,㈱大倉ホーム,島根,出雲市斐川町上庄原１４２２－１,0853－72－9394,http://www.fujiikoumuten.jp,pending
32-007159,㈲キドデザイン,島根,松江市黒田町４８５－５,0852－32－4700,https://kidodesign.jp,pending
32-001113,㈱森本建設,島根,益田市あけぼの本町９－８,0856－23－2888,https://morimoto-c.co.jp,pending
32-006133,㈲小林興産,島根,出雲市枝大津町１９－２,0853－21－0373,http://yourhome.jp,pending
32-006512,㈲志田尾工務店,島根,浜田市杉戸町２３２８－７,0855－23－2345,https://www.tsdesign.biz,pending
32-007711,㈲松原産業,島根,雲南市木次町木次７８８－１,0854－42－5580,https://www.matsubara-sangyou.co.jp,pending
32-002344,㈱岩崎建設,島根,出雲市佐田町八幡原１０３－１,0853－85－2211,http://iwasakikensetsu.co.jp,pending
32-006971,㈱タケシバ建設,島根,出雲市小山町６７－１,0853－24－8758,https://www.takeshiba.jp,pending
32-000166,㈱木下工務店,島根,安来市安来町９１７－３,0854－22－1029,https://yasugi-gurashi.jp/archives/companylist/company13,pending
32-004135,陽吉建設㈲,島根,益田市遠田町１９９２－２,0856－23－4500,https://yoshizaki.co.jp,pending
32-003285,㈲神門組,島根,大田市大田町吉永１６４８－２,0854－82－2689,http://www.fujiikoumuten.jp,pending
32-005581,円建創㈱,島根,松江市東津田町１２８０－１,0852－26－2532,https://www.horikk.co.jp/house/index.cgi,pending
32-005945,㈲扶桑建設,島根,出雲市西林木町４３－１,0853－22－6090,https://www.fusou-k.com/kaisya.html,pending
32-002479,㈱安部建設,島根,仁多郡奥出雲町下横田４５２,0854－52－0237,http://ishinhome.co.jp/shop/unnan,pending
32-006007,㈲平成住建,島根,出雲市大社町北荒木９３７－１,0853－53－4837,https://www.fudousan.or.jp/property/agency/detail,pending
32-006304,㈲三ツ和,島根,雲南市大東町大東７７７,0854－43－2833,https://www.jyukatsukyo.or.jp/builderlist,pending
32-008543,㈱寿建設工業,島根,出雲市灘分町２３６４,0853－62－0030,https://el.e-shops.jp/local/nsh/5855718035.html,pending
32-008851,㈲高榮,島根,出雲市平田町３２００－４,0853－62－9599,http://www.fujiikoumuten.jp,pending
32-008678,㈱タイセイホーム,島根,益田市あけぼの本町３－２１,0856－32－0015,http://www.fujiikoumuten.jp,pending
32-004684,㈲高橋工務店,島根,出雲市斐川町荘原３９６８,0853－72－2277,https://ivry.jp/telsearch/0853722277,pending
32-008720,ハルサ㈱,島根,出雲市大津朝倉１－１０－１５,0853－31－6377,https://halsa-inc.co.jp,pending
32-007644,三亜住宅㈱,島根,出雲市矢野町５６３－７,0853－23－0601,http://www.fujiikoumuten.jp,pending
32-005707,㈲スエヨシ建設,島根,出雲市浜町１１４２－１,0853－22－8699,https://sueyosi.co.jp,pending
00-017092,ライフデザイン・カバヤ㈱,岡山,岡山市北区中仙道２－９－１１,086－241－8811,https://lifedesign-kabaya.co.jp/house/model/single,pending
33-019107,㈱ヘルシーホーム,岡山,岡山市南区富浜町５－１０,086－262－7560,https://morimoto-koumuten.jp,pending
00-025163,㈱イシン住宅研究所,岡山,津山市二宮６５４－４,0868－28－9771,https://ishinhome-okayama.jp,pending
33-010736,下津井電鉄㈱,岡山,岡山市北区大元駅前３－６１,086－233－8811,https://morimoto-koumuten.jp,pending
33-016674,㈱ミナモト建築工房,岡山,岡山市北区辰巳１４－１０１,086－246－1188,https://morimoto-koumuten.jp,pending
33-013450,㈱創宅,岡山,倉敷市大島１２７－２,086－422－0414,https://ikemoto-komuten.jp,pending
33-006932,倉敷ハウジング㈱,岡山,倉敷市片島町９６９－３,086－466－4111,https://morimoto-koumuten.jp,pending
33-016574,㈱ひのき住宅,岡山,倉敷市笹沖１０３５－１,086－421－0025,https://yano-koumuten.jp,pending
33-024131,アルファプラス㈱,岡山,岡山市北区今８－５－２９,086－244－7613,https://alphaplus-okayama.co.jp,pending
33-021655,㈱アイム・コラボレーション,岡山,岡山市北区今２－１６－３５,086－243－4880,https://morimoto-koumuten.jp,pending
33-024235,㈱ヴィータ・デザイン,岡山,岡山市北区庭瀬４８７－２,086－206－6767,https://morimoto-koumuten.jp,pending
00-009865,両備ホームズ㈱,岡山,岡山市南区福富中１－３－７,086－263－5551,https://yano-koumuten.jp,pending
33-001263,木造ホーム㈱小川建美,岡山,倉敷市連島町連島１１１,086－446－2151,https://mokuzou.co.jp,pending
33-025267,㈱ＳＰＥＣＩＡＬＡＢＯ,岡山,岡山市東区西大寺中野３９－３,086－238－2555,https://morimoto-koumuten.jp,pending
33-023567,佐藤建設㈱,岡山,美作市入田２４７－１,0868－72－3434,https://morimoto-koumuten.jp,pending
33-021407,㈱デザイナーズハウス木屋,岡山,岡山市北区下中野７０１－１０８,086－805－8648,https://morimoto-koumuten.jp,pending
33-024281,㈱木まま,岡山,総社市中央５－８－１０１,0866－31－5151,https://www.kimama218.jp,pending
33-024166,㈱建房,岡山,倉敷市福井５４－１,086－441－7279,https://kenbo.co.jp,pending
33-021302,㈱トータルホーム,岡山,岡山市北区西辛川３２３－１６,086－286－4155,https://www.totalhome.jp,pending
33-025361,㈱ＦＯＲＴ,岡山,岡山市北区問屋町９－１０１－１Ｆ,086－236－9600,https://morimoto-koumuten.jp,pending
33-020956,㈱ナカタホーム岡山,岡山,岡山市北区野田１－１－３２,086－245－2808,https://nakatahome.co.jp,pending
33-021638,山陽地所㈱,岡山,岡山市北区柳町２－４－２３,086－231－2375,https://morimoto-koumuten.jp,pending
33-002198,㈱池上建設,岡山,津山市小田中２１８８－１９,0868－24－0471,https://ikegami-k.co.jp,pending
33-003268,運船建設㈱,岡山,倉敷市日吉町４９２－６,086－422－1143,https://morimoto-koumuten.jp,pending
33-014537,㈲まきび住建,岡山,岡山市南区浦安本町８９－９,086－264－3133,https://soraie-design.com,pending
33-013511,㈱タケイ,岡山,岡山市南区米倉１２３－７,086－242－1600,https://morimoto-koumuten.jp,pending
33-023602,㈱イチマルホーム,岡山,赤磐市河本９１０－１,086－955－5009,https://morimoto-koumuten.jp,pending
33-019826,㈱おかやま住宅工房,岡山,岡山市南区豊浜町１３－６６,086－262－8020,https://morimoto-koumuten.jp,pending
33-000297,㈱住宅産業センター,岡山,津山市志戸部２１４－５,0868－23－4141,https://morimoto-koumuten.jp,pending
33-021927,㈱ニーズホーム,岡山,津山市東一宮５０－４,0868－35－3548,https://yano-koumuten.jp,pending
33-020875,㈱ハウスジャパン,岡山,倉敷市児島塩生８９３－１,086－470－3100,https://yano-koumuten.jp,pending
33-020033,㈱アイアールホーム,岡山,赤磐市熊崎１９４－１,086－956－0258,https://yano-koumuten.jp,pending
33-023545,㈱ＳＡＮＫＯ,岡山,岡山市中区東川原２４５－１,086－238－9845,https://morimoto-koumuten.jp,pending
33-000913,㈱中本屋工務店,岡山,倉敷市真備町尾崎２－２,086－698－2288,https://www.nakamotoya.co.jp,pending
33-025951,㈱カスケホーム,岡山,倉敷市玉島中央町１－２２－３０,086－526－1313,https://www.kasuke.co.jp,pending
33-015094,㈱タカ建築,岡山,岡山市北区白石西新町７－１２３,086－250－0553,https://school.stephouse.jp/partnership/p40883,pending
33-024124,㈱コラボハウス,岡山,岡山市北区今２－１６－３５,086－259－0525,https://mutenka-house.jp,pending
33-024199,㈱高橋建築,岡山,倉敷市茶屋町早沖８０３,086－428－4424,https://takahashi-kinoie.co.jp,pending
33-023914,㈲まんてん．,岡山,倉敷市玉島黒崎新町１－１１,086－436－8846,https://school.stephouse.jp/partnership/p39783,pending
33-021902,赤野住宅工房㈱,岡山,倉敷市玉島乙島６７５５,086－523－6222,https://yano-koumuten.jp,pending
33-025039,㈱オハナ建築事務所,岡山,真庭市高屋４３２－１,0867－45－7500,https://ohananoie.com/logo.php,pending
33-001017,岸本建設㈱,岡山,岡山市北区今５－５－１６,086－241－2295,https://morimoto-koumuten.jp,pending
33-006703,㈱コムハウジング,岡山,岡山市北区十日市中町６－２２,086－223－2101,https://yano-koumuten.jp,pending
33-011005,㈱佐保建設,岡山,勝田郡勝央町勝間田７３３－１,0868－38－5363,https://www.saho.co.jp,pending
33-023355,㈱瀬戸内ホームサービス,岡山,小田郡矢掛町東川面３９７－１,0866－83－2102,https://www.houza.jp,pending
33-006554,㈱ソーデン社,岡山,岡山市南区箕島３７７－４,086－282－3100,https://sodensya.co.jp,pending
33-001121,土井建設㈱,岡山,総社市総社１－１－５０,0866－93－2585,https://www.doikensetsu.co.jp,pending
33-014790,橋本興産㈱,岡山,岡山市南区福成２－２１－３１,086－261－7171,https://www.katakyu.co.jp/index.html,pending
33-005316,㈱押田建設,岡山,美作市下庄町９２０－２,08687－8－3138,https://ieto.stephouse.jp/builder/oshidakensetsu.html,pending
33-021521,㈱家夢花夢,岡山,岡山市北区今８－１６－２７,086－805－4177,https://www.come2.jp/company4.html,pending
33-026206,㈱キノイエ,岡山,津山市小田中１４４３－９,0868－31－1577,https://morimoto-koumuten.jp,pending
33-016860,㈱木の城いちばん,岡山,倉敷市堀南６２８－１２,086－426－9333,https://morimoto-koumuten.jp,pending
33-026355,㈱黒田建匠,岡山,倉敷市中島１４６３－１－３Ａ,086－454－9677,https://www.kurodakensho.co.jp,pending
33-024749,㈱建築工房彩家,岡山,津山市下高倉西８２２－３,0868－29－2688,https://yano-koumuten.jp,pending
33-019672,㈱コスミック・ガーデン,岡山,岡山市北区今１－１２－２５,086－243－8115,https://morimoto-koumuten.jp,pending
33-023531,㈲ハウス倉敷,岡山,倉敷市有城４７９－２,086－420－0371,https://morimoto-koumuten.jp,pending
33-022004,㈲ライフワーク,岡山,岡山市南区福成１－１６８－４,086－902－0888,https://lifework.co.jp,pending
33-001277,河井林産㈱,岡山,津山市川崎１１２－１,0868－23－1205,https://morimoto-koumuten.jp,pending
33-023213,㈱ウィズホーム,岡山,倉敷市中島２３７０－２０,086－486－0024,https://yano-koumuten.jp,pending
33-003865,倉敷木材㈱,岡山,倉敷市中島１０００－１,086－465－3322,https://morimoto-koumuten.jp,pending
33-007169,㈱小林工業,岡山,美作市巨勢２４４０－１,0868－72－1882,,pending
33-005735,㈲太田工務店,岡山,岡山市中区清水２－８－５８－３,086－273－2347,,pending
00-007709,さんもく工業㈱,岡山,岡山市南区海岸通２－６－３,086－262－0137,https://www.sanmoku.co.jp,pending
33-024047,スケールクラフト㈱,岡山,岡山市北区今３－２２－２,086－239－3003,https://scalecraft.co.jp,pending
33-018868,大和建設㈱,岡山,倉敷市福田町浦田２３７８－２５１,086－456－4688,https://sanko-cothax.jp,pending
33-015639,㈱なんば建築工房,岡山,倉敷市児島上の町１－１１－４４,086－472－4426,https://morimoto-koumuten.jp,pending
33-026161,㈱ハウスラボ,岡山,岡山市北区今４－１－１－１Ｆ,086－250－6145,https://morimoto-koumuten.jp,pending
33-024756,㈱メグハウスファミリアグループ,岡山,倉敷市新倉敷駅前３－１０８－２,086－526－4455,https://www.ohk.co.jp/data/26-20260226-00000010/pages,pending
33-025400,アイオン㈱,岡山,岡山市北区辰巳２３－１０２,086－239－8181,https://morimoto-koumuten.jp,pending
33-000125,㈱アサヒコーポレーション,岡山,津山市中島１７７－２,0868－28－2121,https://morimoto-koumuten.jp,pending
33-024143,㈱アトリエクオーレ,岡山,倉敷市中央１－９－４,086－435－5038,https://morimoto-koumuten.jp,pending
33-016105,㈱イチエ建匠,岡山,岡山市北区富田５０５－５,086－221－7322,https://www.ichiekensho.co.jp,pending
33-013874,五輪建設㈱,岡山,倉敷市東富井７１６－８,086－424－5588,https://www.128.co.jp,pending
33-026050,ウエル㈱,岡山,岡山市中区原尾島３－１－３－４０３,086－238－8748,https://well-co.jp/about,pending
33-018519,㈱掛谷建設,岡山,玉野市八浜町八浜１６０－４,0863－51－3112,https://www.kaketani.co.jp,pending
33-025820,㈱木絆,岡山,倉敷市上富井５２２－１,086－435－2876,https://morimoto-koumuten.jp,pending
33-011701,㈱北屋建設,岡山,岡山市中区平井７－１８－１５－１１,086－276－3735,https://tombo-kitaya.co.jp,pending
33-000234,㈱共生,岡山,小田郡矢掛町矢掛２５３９,0866－82－1717,https://k-kyosei.co.jp,pending
33-026049,㈱グラムス,岡山,岡山市北区西古松２－１７－１０－１Ｆ,086－259－0544,https://morimoto-koumuten.jp,pending
33-021780,㈱サンオリエント,岡山,岡山市北区表町１－７－３６－３Ｆ,086－230－2600,https://www.sunorient.com,pending
33-025420,㈱三福建築設計,岡山,岡山市中区藤崎５５４－５,086－206－1369,https://morimoto-koumuten.jp,pending
33-020272,㈱サンプラン,岡山,岡山市南区当新田２５９－１５,086－805－3555,https://morimoto-koumuten.jp,pending
33-019284,㈱茂山組,岡山,岡山市南区新保８８２－１,086－243－4545,https://morimoto-koumuten.jp,pending
33-011029,㈱親和建設,岡山,倉敷市船穂町船穂１４６８－１,086－552－4585,https://www.shinwa-kensetu.co.jp,pending
33-023752,設計工房枻㈱,岡山,岡山市南区豊成３－２２－１３,086－728－5601,https://morimoto-koumuten.jp,pending
33-022823,センコーホーム岡山㈱,岡山,岡山市北区下中野３６３－１０２,086－805－8805,https://morimoto-koumuten.jp,pending
33-025433,㈱創建,岡山,岡山市北区西長瀬１２２３－３,086－239－6111,http://www.akagigumi.co.jp,pending
33-013945,創美建設㈱,岡山,岡山市北区富田町１－３－１３,086－223－1010,https://morimoto-koumuten.jp,pending
33-002520,大平建設㈱,岡山,岡山市北区西古松１－２１－１,086－241－2371,https://www.taihei-kensetu.co.jp,pending
33-019865,㈱タウンハウス,岡山,岡山市北区大元上町１４－２１,086－244－8636,https://morimoto-koumuten.jp,pending
33-014472,高屋工務店㈱,岡山,井原市高屋町５－５－５,0866－67－0718,https://yano-koumuten.jp,pending
33-000811,中村建設㈱,岡山,高梁市横町１５４１－５,0866－22－1777,https://nakamurakensetsukk.co.jp/publics/index/20,pending
33-026035,㈱畑本建築,岡山,総社市泉７－５２,0866－93－0150,http://www.mimasaka-kinoie.jp/hatamoto.html,pending
33-025256,ハンズホーム㈱,岡山,岡山市南区大福６６３－２４,086－236－6333,https://morimoto-koumuten.jp,pending
33-016396,㈱兵恵建設,岡山,津山市小田中２２７０－２,0868－24－5772,https://hyoe-kensetsu.com,pending
33-009233,福滝建設㈱,岡山,高梁市巨瀬町６４３,0866－25－0211,https://morimoto-koumuten.jp,pending
33-021118,㈲福富建設,岡山,岡山市南区福富東２－３３－２１,086－262－0633,https://www.fk1.co.jp,pending
00-011396,藤田建設㈱,岡山,備前市東片上２８,0869－64－3000,https://www.home-koba.co.jp,pending
33-026248,㈱ＢＲＯＯＫ,岡山,総社市中央６－９－１０３,0866－92－3800,https://morimoto-koumuten.jp,pending
33-020528,㈲マツミ住宅,岡山,倉敷市神田１－１５－６,086－444－0588,https://matsuminoie.jp,pending
33-003300,㈱森本工務店,岡山,倉敷市玉島勇崎１０２６,086－528－2121,https://morimoto-koumuten.jp,pending
33-019611,４Ｃ㈱,岡山,岡山市北区牟佐１３５－１,086－229－2856,https://morimoto-koumuten.jp,pending
33-026689,㈱ＬＩＳＴＡＲ,岡山,倉敷市大島６４２－１,086－436－8000,https://morimoto-koumuten.jp,pending
33-020949,㈲ル・アーンジュ,岡山,倉敷市藤戸町藤戸１３４３－５,086－429－2231,,pending
33-000954,㈱あらい建設,岡山,岡山市中区江並７９－２０,086－277－6121,https://arai-gr.co.jp,pending
33-006983,川上建設㈱,岡山,倉敷市連島町連島７０４,086－446－2304,https://yano-koumuten.jp,pending
33-017487,㈲住まいの伏見,岡山,都窪郡早島町早島１０５４－１,086－482－2548,https://sumaino-fushimi.com,pending
33-003011,㈲高島建設,岡山,岡山市北区撫川２５３－９,086－293－1009,https://takashima-wb.jp,pending
33-021816,㈱ミツル建築工房,岡山,倉敷市老松町４－８－２０－７Ｆ,086－435－1101,https://morimoto-koumuten.jp,pending
33-022916,㈱ワイズコーポレーション,岡山,岡山市中区清水２７３－７,086－271－3500,https://www.ok-smile.jp/property/agency/detail,pending
00-020228,㈱トータテハウジング,広島,広島市中区千田町２－５－４４,082－247－3655,https://www.ai-koumuten.co.jp/exhibition/hiroshima-asta,pending
00-025681,アイデザインホーム㈱,広島,広島市西区己斐本町３－１３－２１,082－208－0102,https://www.ai-koumuten.co.jp/company/office-list,pending
T34-006669,㈱信和ホーム,広島,広島市西区横川町３－８－６,082－232－9222,https://shinwa-home.jp,pending
00-020416,創建ホーム㈱,広島,東広島市西条土与丸４－３－３１,082－422－7777,https://www.soken-home.jp,pending
00-021032,ワウハウス㈱,広島,福山市南蔵王町６－１２－２２,084－940－5570,https://www.owlhome.co.jp,pending
34-035519,㈱嵩心,広島,三原市新倉２－１２－１,0848－60－2077,https://siota.jp,pending
34-025279,㈱一条工務店広島,広島,福山市手城町３－１１－８,084－926－6311,https://www.ichijo-h.co.jp,pending
T00-009819,㈱ＢＪＣ,広島,広島市西区西観音町１８－４,082－297－6767,https://www.masaki-k.jp,pending
34-007312,㈱日興ホーム,広島,東広島市西条町寺家３８４７－２,082－421－0055,https://www.michishita1956.co.jp,pending
T00-006265,㈱トータテ都市開発,広島,広島市中区国泰寺町２－４－７,082－247－1300,https://www.totate.co.jp/corporate/overview/totate-tk,pending
00-027391,㈱ライフステージ,広島,福山市神辺町川南３３８－１,084－966－3789,https://www.masaki-k.jp,pending
00-025365,山根木材ホーム㈱,広島,広島市南区出島１－２１－１５,082－254－3234,https://www.masaki-k.jp,pending
34-037457,㈱マリモハウス,広島,広島市西区庚午北２－１６－４,082－500－8391,https://www.ai-koumuten.co.jp/exhibition/hiroshima-asta,pending
34-036894,㈱タナカホームズ,広島,廿日市市宮内１５２２－２－２Ｆ,0829－38－2780,https://www.masaki-k.jp,pending
34-028328,はるかホーム㈱,広島,福山市東深津町３－３－３１,084－923－5322,https://www.haruka-home.co.jp,pending
34-038503,㈱トーシン住宅,広島,広島市中区住吉町４－１２－２Ｆ,082－543－6667,https://www.toshin-h.co.jp,pending
T34-003269,西広島開発㈱,広島,広島市中区国泰寺町２－４－７,082－545－3066,https://kiwacocoro.co.jp/project/calme%EF%BC%88%E5%BA%83%E5%B3%B6%E5%B7%A5%E5%8B%99%E5%BA%97%E3%83%A2%E3%83%87%E3%83%AB%E3%83%8F%E3%82%A6%E3%82%B9%E5%86%85%EF%BC%89,pending
34-031482,ハートフルホーム福山㈱,広島,福山市本庄町中２－６－２２,084－944－5550,https://hfhf.co.jp,pending
34-014636,㈱西本ハウス,広島,広島市東区牛田新町４－８－４０－２０１,082－229－4561,https://www.masaki-k.jp,pending
34-004550,東亜ハウス㈱,広島,広島市中区中町７－１６－２Ｆ,082－545－7160,https://satokoumuten.jp,pending
T34-006001,日東不動産㈱,広島,広島市南区段原日出２－２－２２,082－261－5011,https://www.nitto-group.jp/fudousan,pending
T34-009409,㈱Ｓｕｎｓハウジング,広島,広島市中区大手町５－２－２２,082－241－1100,https://www.sunsgroup.co.jp,pending
34-027978,オールハウス㈱,広島,安芸郡府中町八幡１－４－２３,082－890－1002,https://www.allhouse.co.jp,pending
34-021964,㈱イワキ,広島,広島市西区井口４－３－１,082－278－5770,https://www.takenaka.co.jp/corp/japan,pending
00-023463,アイレストホーム㈱,広島,広島市中区中町９－９,082－543－2111,https://www.irest.jp,pending
T34-005826,㈱ドリームコーポレーション,広島,広島市中区小町４－１２,082－205－4440,https://www.masaki-k.jp,pending
T34-005324,㈱アクティブ,広島,広島市中区富士見町１－１,082－242－1410,https://active-paint.jp,pending
34-036376,㈱トランスワークス,広島,広島市安佐南区川内６－４２－２１,082－831－1255,,pending
34-039476,ｔｒｉｌｌｌ㈱,広島,庄原市板橋町４９７－１,0824－75－4410,https://www.masaki-k.jp,pending
34-002929,ドヒハウス㈱,広島,呉市本町３－１９,0823－22－5475,https://www.ai-koumuten.co.jp/exhibition/hiroshima-asta,pending
34-034110,㈱富士ハウス広島,広島,広島市中区舟入南１－１０－２０,082－234－2882,https://www.masaki-k.jp,pending
34-023771,木住販売㈱,広島,広島市中区広瀬北町８－６,082－293－6060,https://www.masaki-k.jp,pending
34-013227,広島八谷建設㈱,広島,広島市西区楠木町４－１９－７,082－230－7200,https://www.yatagai.co.jp,pending
34-038222,㈱スマイクホーム,広島,広島市西区横川新町４－２５,082－961－6400,https://www.masaki-k.jp,pending
34-036688,㈱住研社,広島,広島市佐伯区楽々園２－１－３０,082－943－4550,https://sumuriehouse.jp,pending
34-038914,㈱アドグリーン,広島,広島市安佐南区中須１－１４－１０－３０１,082－218－2977,http://addgreen.jp,pending
34-026614,㈱幸住,広島,安芸郡坂町平成ヶ浜１－８－２７,082－884－3888,https://www.masaki-k.jp,pending
34-037166,㈱アースデイ・システム,広島,福山市駅家町上山守４２５－１,084－976－3537,https://www.masaki-k.jp,pending
34-024431,㈱呉一住宅,広島,呉市広弁天橋町８－２６,0823－71－3813,https://siota.jp,pending
34-035567,Ｔａｍａｄａ工房㈱,広島,福山市南蔵王町５－１０－６－２Ｆ,084－943－8080,https://siota.jp,pending
34-037537,㈱ライフリード,広島,広島市南区東雲本町２－２０－１０－２０２,082－569－6960,https://lifelead.co.jp,pending
T34-008988,㈲タニックス,広島,広島市東区牛田中２－８－２６,082－222－0059,https://www.fudohsan.jp/company/00306,pending
34-029010,㈱センゴク木材,広島,広島市安佐北区小河原町１６１３,082－844－1110,https://www.ai-koumuten.co.jp/exhibition/hiroshima-asta,pending
34-006310,㈱共栄店舗,広島,福山市曙町１－３－１７,084－953－1650,https://www.ai-koumuten.co.jp/exhibition/hiroshima-asta,pending
34-028763,㈱タカケン,広島,広島市南区宇品御幸４－１５－１,082－253－7778,https://takaken.main.jp/profile3001.html,pending
34-036073,㈱アスリート,広島,呉市広古新開７－４２－２８,0823－36－3388,http://www.shouhouji.jp,pending
34-037272,㈱岡本工務店,広島,福山市御幸町下岩成２７３－１,084－983－0465,https://www.hinatahouse.jp/about,pending
34-011519,大畑建設㈱,広島,福山市瀬戸町長和１５６９－１,084－951－0980,https://www.ohata-k.jp,pending
34-005900,三和鉄構建設㈱,広島,尾道市高須町５２６７,0848－46－0914,https://www.ai-koumuten.co.jp/exhibition/onomichi,pending
34-037852 ,サン工務店㈱,広島,広島市西区己斐本町２－１８－７,082－533－6022,https://www.masaki-k.jp,pending
34-022506,㈱ミツヤホーミック,広島,三次市三次町１２４－１,0824－63－2361,https://www.masaki-k.jp,pending
34-036213,㈱佐々部材木店,広島,三次市東酒屋町３０６－４８,0824－64－2200,http://sasabezaimoku.co.jp,pending
34-015908,㈱オキ,広島,福山市南松永町１－１６－１３,084－933－3177,https://siota.jp,pending
34-023183,㈱今井住建,広島,福山市駅家町万能倉１０９－１３,084－976－2653,https://www.masaki-k.jp,pending
T00-009498,㈱七護エステート,広島,広島市中区舟入川口町１８－２２,082－297－7776,https://www.shichigo.co.jp,pending
34-017651,㈱タカヤマ,広島,福山市御幸町森脇８６－１,084－983－0785,https://school.stephouse.jp/partnership/p38757,pending
34-040725,㈱ディーハウス,広島,広島市佐伯区八幡東３－２９－３５－３,082－208－4004,https://www.masaki-k.jp,pending
34-034531,㈱サエダホーム,広島,広島市南区上東雲町８－２４,082－286－7033,https://saedahome.apage.jp,pending
00-003613,山陽建設㈱,広島,三原市宮沖１－８－８,0848－62－2111,https://www.it-sanyo.co.jp,pending
34-001798,㈱大喜,広島,広島市安佐南区西原３－１３－１２,082－875－3300,https://daiki1970.co.jp,pending
34-038937,広電建設㈱,広島,広島市中区東千田町２－９－５７－３Ｆ,082－243－7110,https://www.hiroden-kensetsu.co.jp,pending
34-035880,三島ホーム㈱,広島,福山市駅家町万能倉１２９５－１,084－976－1536,https://www.masaki-k.jp,pending
T34-009445,㈱セイエイサポート,広島,安芸郡府中町本町１－１３－６,082－258－2123,https://www.ai-koumuten.co.jp/exhibition/hiroshima-asta,pending
T34-001575,さくら不動産㈱,広島,広島市南区段原２－２－２,082－261－0008,https://www.sakura-group.jp,pending
T34-003979,㈲山建産業,広島,広島市中区羽衣町８－３,082－249－6239,https://www.katayama-jk.co.jp/company/yamaken.html,pending
34-019218,㈱大之木ダイモ,広島,呉市中央３－８－２１,0823－21－1411,https://daimo.jp,pending
34-014546,㈱加度商,広島,尾道市栗原西２－３－１５,0848－22－2693,https://www.masaki-k.jp,pending
34-017659,大福ホーム㈱,広島,福山市霞町３－３－１,084－921－3232,https://www.ai-koumuten.co.jp/exhibition/hiroshima-asta,pending
34-038368,㈱ＢＥＳＳ廣岡,広島,広島市安佐南区伴南１－１－１１,082－848－1571,https://hiroshima.bess.jp,pending
34-030214,㈱ゴジョウ,広島,広島市佐伯区石内南１－２１－１１,082－941－7615,https://www.masaki-k.jp,pending
34-027061,㈱大和興産,広島,広島市安佐北区可部４－１１－５,082－814－1111,https://www.daiwa-kosan.co.jp,pending
34-032160,㈱髙橋デザイン建築事務所,広島,福山市南蔵王町３－１０－３０,084－944－8211,https://tdkj.jp,pending
34-028867,㈲督栄建設,広島,福山市駅家町近田６７２,084－976－0822,https://school.stephouse.jp/partnership/p38911,pending
34-040232,リノアークグループ㈱,広島,福山市千田町２－１－１８,084－959－6381,https://www.masaki-k.jp,pending
34-000959,甲斐建設㈱,広島,福山市駅家町上山守４３７－１,084－976－2381,https://kaikenhome.jp/company,pending
T34-010526,㈱クレストホーム,広島,広島市西区己斐本町１－８－２５,082－272－1300,https://www.masaki-k.jp,pending
34-033642,㈲黒瀬カラーリング工業,広島,広島市安佐南区相田７－１６－７－２,082－832－6810,https://kurose-co.jp,pending
34-034706,㈱建工,広島,三原市宮浦６－１５－２１,0848－67－8555,https://www.masaki-k.jp,pending
34-038682,品川サロン㈱,広島,福山市神辺町新湯野５４－１７,084－965－6644,https://www.ai-koumuten.co.jp/exhibition/hiroshima-asta,pending
34-035093,㈱誠晃住宅,広島,広島市西区南観音７－７－１２,082－208－1337,https://www.michishita1956.co.jp,pending
T34-005138,㈱千協,広島,広島市中区西白島町１８－１７－１Ｆ,082－223－2266,https://www.takaharasetsubi.co.jp,pending
34-035059,㈲多賀工務店,広島,福山市坪生町１６７５－６,084－948－0508,https://www.taga1.co.jp/shop,pending
34-039448,㈱テトラワークス,広島,福山市多治米町２－１１－１０,084－999－9717,https://www.takenaka.co.jp/corp/japan,pending
34-000058,㈱道下工務店,広島,福山市南蔵王町１－２－２５,084－926－2820,,pending
34-019595,㈱明和,広島,福山市神辺町川南１５４９－１,084－962－0801,https://siota.jp,pending
34-021708,㈱山村不動産開発,広島,広島市安芸区矢野西４－６－２３,082－888－0907,https://www.yamamurafudousan.co.jp,pending
34-033442,㈲ライフビルド,広島,広島市南区西蟹屋４－３－１９－２,082－258－2211,http://lifebuild.jp,pending
T34-009980,㈱リヴリアル,広島,広島市西区三篠町３－６－１７－１Ｆ,082－555－8927,https://www.masaki-k.jp,pending
34-033676,㈱Ａ＆Ｃ,広島,廿日市市大野中央３－３－５,0829－55－0355,https://siota.jp,pending
34-038690,㈱木の家,広島,広島市安佐北区可部東２－８－２２,082－516－6917,https://kinoie-hiroshima.com,pending
34-039462,㈱ＣｏｚｙＣｏｚｙ,広島,広島市西区大芝３－１３－９,082－555－9011,https://www.ai-koumuten.co.jp/exhibition/hiroshima-asta,pending
34-008654,坂本建設工業㈱,広島,福山市駅家町大橋１００５－１,084－976－4501,https://sakamotokk.co.jp,pending
34-014883,㈱坂本工務店,広島,福山市花園町１－１－２７,084－932－1794,https://k-sakamoto.co.jp,pending
T34-009141,㈱住マイル不動産,広島,呉市本町７－６,0823－24－2342,https://www.smile-f.co.jp,pending
34-029784,㈱マエダハウジング,広島,広島市中区八丁堀１０－１４,082－511－7552,http://omae-k.co.jp,pending
T34-006948,木住不動産㈱,広島,広島市中区広瀬北町８－６,082－293－3344,https://www.masaki-k.jp,pending
34-023922,友愛不動産建設㈱,広島,広島市西区三篠北町１９－１０,082－230－1414,https://www.takenaka.co.jp/corp/japan,pending
34-037548,建築なかがわ㈱,広島,広島市佐伯区八幡東１－３６－２,082－208－5222,https://www.takenaka.co.jp/corp/japan,pending
34-018192,㈱ステージ,広島,尾道市因島重井町４９３２－１３,0845－24－3840,https://innoshima.co.jp,pending
34-038680,㈲アーキ・フロンティアホーム,広島,福山市千田町４－９－３３,084－970－0121,https://fro.co.jp,pending
T34-001525,片山住建㈱,広島,広島市中区大手町５－１６－４,082－244－6552,https://www.katayama-jk.co.jp,pending
34-006226,㈱ジューケン,広島,広島市中区光南４－４－２７,082－246－3741,https://www.masaki-k.jp,pending
T34-004076,㈲ラック商事,広島,広島市中区舟入町１－１４,082－291－9374,https://www.masaki-k.jp,pending
34-027616,アイトフース㈱,広島,広島市安佐南区大塚西６－６－１,082－849－4525,https://siota.jp,pending
34-023000,㈱エフ・エフ・シー,広島,広島市南区日宇那町１－１１,082－298－1399,https://silvanus.jp,pending
34-012003,㈱沖田,広島,広島市安佐南区山本４－１２－３８,082－962－1108,https://www.utsunomiya-koumuten.jp,pending
34-030708,㈲クリエイト・コーポレーション,広島,福山市神辺町川南８０８－１,084－967－5450,,pending
34-009081,実下建設㈲,広島,呉市阿賀南１－６－６,0823－73－3010,http://www.jitsushita.co.jp,pending
34-033968,㈱新広,広島,東広島市黒瀬町国近松崎山２４９－２,0823－82－9360,,pending
34-004685,長岡商事㈱,広島,庄原市西本町２－１２－１０,0824－72－2161,http://matsuokakoumuten.jp,pending
34-022855,永本建設㈱,広島,廿日市市新宮２－１４－１２,0829－31－6655,https://www.takenaka.co.jp/corp/japan,pending
34-016361,橋本建設㈱,広島,広島市安佐南区上安１－１－２９,082－878－1110,https://www.takenaka.co.jp/corp/japan,pending
T34-004818,㈱丸昇住建,広島,広島市安佐南区祇園３－４５－５,082－871－5500,https://www.fudohsan.jp/company/03199,pending
T34-003046,マルハ興産㈱,広島,広島市中区白島九軒町１０－３,082－228－1108,https://www.takenaka.co.jp/corp/japan,pending
34-038686,Ｅｙｅｗｏｏｄ㈱,広島,福山市東深津町１－１８－４８,084－973－8260,https://siota.jp,pending
34-018341,旭ホームズ㈱,広島,広島市佐伯区五月が丘２－８－２６,082－941－1211,https://www.masaki-k.jp,pending
34-003944,㈱ウエカド,広島,安芸郡海田町南本町４－１０－２,082－823－3744,https://www.takenaka.co.jp/corp/japan,pending
T34-010816,エイトエステート㈱,広島,呉市中央１－６－９,0823－27－4888,https://www.fudohsan.jp/company/11420,pending
34-035488,㈲Ｎ’ｓ,広島,福山市神辺町道上５５６－５,084－963－7647,https://hw-jobs.careermine.jp/view/34050-25732151,pending
34-036014,㈱エネルギアＬ＆Ｂパートナーズ,広島,広島市中区小町４－３３,082－242－7803,https://www.energia-lbp.co.jp/business/sell,pending
34-000682,岡本建設㈱,広島,尾道市向東町３５６７－１,0848－44－2351,https://www.hinatahouse.jp/about,pending
00-009197,㈱桑原組,広島,広島市西区己斐本町３－１７－２４,082－272－6006,https://www.kuwaharagumi.co.jp,pending
34-033702,㈲建人,広島,広島市安佐北区亀山６－７－７,082－814－4100,,pending
34-035118,㈲コアハウス,広島,福山市芦田町上有地４２６－１,084－958－3111,https://www.masaki-k.jp,pending
34-030882,さくら建設㈱,広島,福山市千田町藪路９２４－２,084－955－2201,https://www.masaki-k.jp,pending
34-005588,㈱佐藤工務店,広島,尾道市高須町３７３３－１,0848－46－0821,https://satokoumuten.jp,pending
34-005135,㈱ジール,広島,山県郡北広島町有田３４１３,0826－72－2292,https://www.masaki-k.jp,pending
34-016238,シバタ工業㈱,広島,広島市安佐南区緑井３－１－１４,082－879－2220,https://www.takenaka.co.jp/corp/japan,pending
34-032217,㈱住宅工房創,広島,東広島市西条町御薗宇６２２５－２,082－490－3676,https://www.masaki-k.jp,pending
34-005616,昇高建設㈱,広島,府中市栗柄町４１８,0847－45－7177,https://www.masaki-k.jp,pending
34-007771,㈱信永産業,広島,広島市西区楠木町１－１６－１６,082－231－0728,https://rabbynet.zennichi.or.jp/agency/15340118,pending
34-038560,新未来建設㈱,広島,広島市南区元宇品町３－２８,082－207－3434,https://www.masaki-k.jp,pending
34-002682,進和建工㈱,広島,広島市安佐北区亀山４－１－１０,082－814－3449,https://www.masaki-k.jp,pending
34-026960,高橋工務店㈱,広島,呉市焼山東３－４－１３,0823－34－5585,https://www.masaki-k.jp,pending
34-036991,㈲Ｄ・Ｕコダ,広島,広島市東区牛田早稲田４－２－６,082－227－9333,https://www.ducoda.com,pending
34-036684,ネクストライフ㈱,広島,広島市安佐南区川内５－３２－３,082－836－7222,https://www.masaki-k.jp,pending
34-040415,㈱ｋｎｏｔ,広島,広島市西区三篠町３－６－５－１０２,082－509－5007,https://www.ai-koumuten.co.jp/exhibition/hiroshima-asta,pending
34-038881,㈱ＨＡＲＡ建築工房,広島,広島市安佐北区可部南３－６－１９,082－881－0234,https://www.takenaka.co.jp/corp/japan,pending
T34-008003,㈱はんどう,広島,広島市西区横川町３－８－１０,082－234－2103,https://www.masaki-k.jp,pending
34-037653,㈱広島エナジーホーム,広島,広島市西区大宮２－７－１４－１Ｆ,082－554－1951,https://www.masaki-k.jp,pending
34-003650,㈱ｆＵｋａｈｏｒｉ,広島,広島市安佐南区東原３－１８－６,082－874－2688,https://www.takenaka.co.jp/corp/japan,pending
34-029139,㈱フクナガ,広島,広島市西区楠木町１－１３－１６,082－233－7544,https://www.takaharasetsubi.co.jp,pending
34-033685,㈱プレゼンス,広島,広島市西区南観音町１２－３２,082－297－0435,https://presence-net.jp,pending
34-036965,㈱真工務店,広島,広島市安佐南区大町西１－３２－２１,082－567－5521,https://www.makotokoumuten.co.jp,pending
34-032407,㈲マルゼンハウス,広島,広島市佐伯区八幡東３－２９－３５－３,082－926－4833,https://www.takenaka.co.jp/corp/japan,pending
34-011547,ユーセイ建設㈱,広島,福山市新市町戸手２３０３－９,0847－51－2946,https://www.takenaka.co.jp/corp/japan,pending
34-033147,㈲リーガオホーム,広島,広島市佐伯区藤の木４－６－１７,082－926－3210,https://www.takenaka.co.jp/corp/japan,pending
T34-007978,ロイヤルハウジング㈱,広島,広島市東区東蟹屋町１０－３３,082－568－2413,https://www.fudohsan.jp/company/00092,pending
34-038943,ＩＳ　ＯＮＥ㈲,広島,広島市中区堺町２－４－３－２Ｆ,082－299－0033,https://www.iswork.co.jp/company/data,pending
34-036890,㈱エヴァーコーポレーション,広島,廿日市市新宮１－６－２４,0829－20－4405,https://www.ai-koumuten.co.jp/exhibition/hiroshima-asta,pending
34-028708,㈱角山創建,広島,広島市西区小河内町１－８－１１,082－232－1188,https://k-sakamoto.co.jp,pending
34-018801,㈲佐古工務店,広島,東広島市黒瀬町丸山１９－９,0823－82－3386,https://sako-home.co.jp,pending
T34-001096,ダイケンホーム㈱,広島,広島市東区牛田旭１－７－１５,082－221－7383,https://www.masaki-k.jp,pending
00-001223,大和建設㈱,広島,福山市若松町８－４,084－924－4411,https://www.daiwakensetsu.co.jp,pending
34-020914,㈱藤木工務店,広島,福山市神辺町川南１７２７－４,084－962－2221,https://www.fujiki.co.jp,pending
00-029241,フラワーホーム㈱,広島,広島市西区西観音町１８－４－３Ｆ,082－297－6767,https://www.masaki-k.jp,pending
34-005300,㈱森脇工務店,広島,広島市安佐北区口田南３－４５－４,082－842－1326,http://ww41.tiki.ne.jp/~mrwk,pending
T34-008006,ランドヒル㈱,広島,広島市中区東平塚町４－１２,082－246－8644,https://kiwacocoro.co.jp,pending
34-036524,㈱ろんでんアトリエ,広島,福山市西新涯町２－１－８,084－959－6781,https://www.ai-koumuten.co.jp/exhibition/hiroshima-asta,pending
34-022662,㈱和田建設工業,広島,広島市安佐北区口田３－３６－６,082－843－9549,http://www.wada-housing.jp,pending
00-018590,エルクホームズ㈱,山口,周南市南浦山町２－１,0834－33－1111,https://www.haratec.co.jp,pending
35-008606,田中建設㈱,山口,萩市細工町４４,0838－22－1394,https://www.haratec.co.jp,pending
35-004526,㈱池田建設,山口,山口市大内長野８２５－１,083－902－2710,http://www.ikejyu.co.jp,pending
00-017091,㈱安成工務店,山口,下関市綾羅木新町３－７－１,083－252－2419,,pending
35-018481,㈱ファーストホーム,山口,防府市国衙３－１－４１,0835－26－4123,https://www.firsthome.jp.net,pending
00-018918,㈱イワナミ,山口,岩国市門前町３－１７－１１,0827－28－2688,https://www.haratec.co.jp,pending
35-018142,㈱エストラスト,山口,下関市竹崎町４－１－２２,083－229－1456,https://www.strust.co.jp,pending
35-011621,㈱田村ビルズ,山口,山口市黒川４００－１,083－902－0950,https://www.haratec.co.jp,pending
35-013161,サンワホーム㈱,山口,下松市楠木町１－８－２０,0833－45－2555,https://www.haratec.co.jp,pending
35-013906,井上建設㈱,山口,下関市稗田中町１８－３,083－253－0333,https://www.haratec.co.jp,pending
35-014145,建和住宅㈱,山口,下関市熊野西町６－６,083－253－2323,https://www.haratec.co.jp,pending
35-018034,㈱レジデンス,山口,下関市山の田東町２－３４－３Ｆ,083－250－9710,https://www.haratec.co.jp,pending
35-016125,㈱創和技建,山口,下関市垢田町５－７－７,083－251－6510,https://souwa-giken.co.jp,pending
35-007149,㈱銘建,山口,防府市佐波１－９－５,0835－23－8500,https://www.haratec.co.jp,pending
35-011149,㈱ヒロノハウジング,山口,柳井市南町７－１－１２,0820－23－0530,https://www.haratec.co.jp,pending
00-023063,百年住宅西日本㈱,山口,山口市嘉川３４７１－１,083－989－5522,https://www.wpc100.co.jp,pending
35-001886,長崎建設㈱,山口,周南市古川町１０－５,0834－63－0564,https://www.haratec.co.jp,pending
35-009495,㈱原工務店,山口,防府市桑山２－１１－１８,0835－38－0233,,pending
35-013271,中村工業㈱,山口,熊毛郡平生町平生村８４７,0820－56－7800,https://www.haratec.co.jp,pending
35-019171,㈱ｔｈｅ　ＨＯＵＳＥ,山口,光市中央５－１－２０－７Ｆ,0833－74－0303,https://www.haratec.co.jp,pending
35-013308,㈱下関ハウジング,山口,下関市田倉７５５,083－256－5361,https://www.haratec.co.jp,pending
35-019123,㈱エミアス,山口,下関市一の宮住吉２－１１－１７,083－257－0246,https://www.haratec.co.jp,pending
35-021734,㈱宮六工務店,山口,美祢市美東町真名４９５－３,08396－5－5095,http://www.kuroku-koumuten.com,pending
35-010244,㈱ネストハウス,山口,岩国市由宇町３９１５,0827－63－1681,https://www.haratec.co.jp,pending
35-018635,ジョイホーム㈱,山口,山陽小野田市中央２－５－２３,0836－84－8977,https://www.haratec.co.jp,pending
35-014315,㈱トピア,山口,山口市朝田１３１－１,083－928－5566,https://www.haratec.co.jp,pending
35-002785,英工建設㈱,山口,宇部市恩田町２－２２－２,0836－21－6141,https://www.haratec.co.jp,pending
35-020058,㈱成匠,山口,山口市大内中央２－１－３２,083－902－9440,https://www.haratec.co.jp,pending
35-020297,㈱プランハウス,山口,下関市武久町２－３－１－１Ｆ,083－254－6669,https://www.planhouse.co.jp/index.html,pending
35-021270,㈱Ｉ．Ｄ．Ｗｏｒｋｓ,山口,山口市鰐石町６－２,083－929－3960,https://www.haratec.co.jp,pending
T35-003425,㈱アズ,山口,防府市高倉２－１０－３４,0835－28－8848,https://www.haratec.co.jp,pending
35-021129,㈱ＣＯＬｅ,山口,周南市新宿通６－１０－１３,0834－34－9845,https://www.haratec.co.jp,pending
35-022216,㈱ｐｏｓｔ,山口,下松市大手町２－５－６,0833－48－9747,,pending
35-020982,㈱ジューケン,山口,熊毛郡田布施町下田布施９１６－３,0820－25－3088,https://jyuken1101.co.jp,pending
35-020680,みとも㈱,山口,下松市生野屋西１－５－１３,0833－43－0113,https://www.haratec.co.jp,pending
35-020209,㈱エコビルド,山口,下関市熊野西町６－１３,083－251－4141,https://www.haratec.co.jp,pending
35-022450,㈱エルティーエス,山口,宇部市船木６６７－１０,0836－38－8255,https://www.haratec.co.jp,pending
35-010712,サンエイ興産㈱,山口,宇部市東須恵２５９４－１,0836－43－1516,https://www.haratec.co.jp,pending
35-012974,㈱大翔産業,山口,下関市宝町２－２,083－252－0208,https://www.navita.co.jp/s/11101226,pending
35-004037,㈱永見工務店,山口,山口市大内矢田南８－１９－３,083－976－4700,https://kinoie-nagami.co.jp,pending
00-013159,日本ハウス㈱,山口,周南市沖見町２－１,0834－22－1300,https://yamaguchi-k.co.jp,pending
35-020363,㈱パスココーポレーション,山口,防府市栄町２－３－１４－２０２,0835－25－2908,https://www.yab.co.jp/gogo_broadcast/55879,pending
35-022236,㈱ＢａｓｅＰｒｏｓｐｅｒ,山口,山口市矢原１２９４－２,083－902－5730,https://www.haratec.co.jp,pending
35-015350,㈱朋友商事,山口,下松市北斗町６－１０－１０１,0833－43－3841,https://www.k-foryou.jp,pending
35-013011,安本建設㈱,山口,岩国市元町１－２－１４,0827－22－5500,https://www.haratec.co.jp,pending
35-007289,㈱水建,山口,萩市椿東４０６－１０,0838－22－1268,https://www.haratec.co.jp,pending
35-018196,㈱マツムラハウス,山口,柳井市柳井４９１４－２５,0820－23－2648,https://www.haratec.co.jp,pending
35-017659,㈱スカイ,山口,山口市矢原１４３２－５,083－934－3080,https://fujimoto-koumuten.jp,pending
35-003458,髙山産業㈱,山口,美祢市秋芳町岩永本郷２９,0837－62－0216,https://www.haratec.co.jp,pending
35-014166,㈱忠建,山口,山口市大内氷上６－１２－１１,083－941－0377,https://www.haratec.co.jp,pending
35-020224,時盛建設㈱,山口,光市島田２－２５－１２,0833－71－1070,https://www.tokimori.co.jp,pending
35-022551,ネクストライ㈱,山口,長門市仙崎９５６－１,0837－27－0207,https://www.haratec.co.jp,pending
35-017876,㈱ピアレックス,山口,熊毛郡田布施町下田布施９８５－７,0820－52－5113,https://www.piarex.jp,pending
35-022986,㈱ブランニューホーム,山口,山陽小野田市有帆２１５,0836－39－8566,http://brand-newhome.co.jp,pending
35-021222,㈱Ｅａｒｔｈ　Ｄｒｅａｍｓ,山口,岩国市尾津町２－１５－４０,0827－31－3133,http://www.earth-dreams.jp,pending
35-014634,㈲あんの建装,山口,萩市椿東１５５８,0838－25－3309,https://www.haratec.co.jp,pending
35-001163,㈱いしまる,山口,周南市栗屋２７７－１,0834－25－0410,https://www.haratec.co.jp,pending
35-013454,㈱植本工務店,山口,柳井市日積６１７４－６,0820－28－0010,,pending
35-002433,㈲梅田工務店,山口,周南市久米３１２５－６,0834－26－0125,https://umeda-k.jp,pending
99-000017,㈱ＡＥ・ＨＯＭＥ,山口,防府市八王子１－３１－１９,0835－28－1655,https://www.ae-home.co.jp,pending
35-011775,㈱カネイ,山口,防府市新田４３２－１,0835－22－0438,https://www.haratec.co.jp,pending
35-012562,㈲三協,山口,山口市小郡下郷１６６－９,083－972－0993,https://san-kyo.jp,pending
35-020937,㈱樹工房,山口,宇部市際波３３７－３,0836－38－7300,https://www.haratec.co.jp,pending
35-018610,㈱スメスト,山口,山口市小郡新町５－５－１,083－972－8600,https://www.sumest.co.jp,pending
35-020424,㈱太昭組,山口,岩国市装束町４－１－６,0827－21－6161,https://www.haratec.co.jp,pending
35-017672,㈲大徳建設,山口,山陽小野田市郡９６９－８,0836－73－1333,,pending
35-003040,㈱藤本工務店,山口,山口市若宮町１－６１,083－925－0112,https://fujimoto-koumuten.jp,pending
35-015486,㈱ホームクリーン,山口,周南市徳山７５１０－３７,0834－31－5828,https://reform-park.jp/merchant/71690,pending
35-012765,㈱みうら,山口,周南市野村３－２４－１,0834－63－8811,https://ie1.co.jp,pending
35-021005,㈱ＹＭ－Ｃｒｅａｔｅ,山口,山口市駅通り２－２－２３,083－921－9970,,pending
35-019209,㈱ワダモク,山口,光市浅江５－２４－５,0833－71－0058,https://www.haratec.co.jp,pending
35-001432,旭建設工業㈱,山口,山口市富田原町５－１０,083－922－0200,https://www.haratec.co.jp,pending
35-001856,㈱寺内建設,山口,下関市豊浦町川棚６９３８－１,0837－72－1932,,pending
T36-003201,㈱ＧｒｅｅｎＥｎｅｒｇｙ＆Ｃｏｍｐａｎｙ,徳島,板野郡松茂町中喜来群恵３９－１,050－1871－0651,https://green-energy.co.jp,pending
36-007412,㈱はなおか,徳島,板野郡北島町鯛浜西ノ須１６２－９,088－698－1114,https://www.k-hanaoka.com,pending
00-027935,㈱ケントホームズ,徳島,徳島市佐古六番町４－２５,088－655－1143,https://hitoyane.jp,pending
36-007139,アール・エスホーム㈱,徳島,板野郡松茂町笹木野八北開拓１６２,088－699－8030,https://rs-home.co.jp,pending
36-075009,㈱コウエイハウジング,徳島,徳島市沖浜東２－２－１Ｆ,088－602－4811,https://hitoyane.jp,pending
36-004691,㈱徳島設計工房,徳島,徳島市川内町竹須賀１７５－１,088－678－2305,https://hitoyane.jp,pending
00-023230,㈲南光,徳島,阿南市領家町船倉３４３,0884－24－4588,,pending
36-007091,㈱かみくぼ住宅,徳島,名西郡石井町高川原高川原６４－１,088－674－0888,https://hitoyane.jp,pending
36-070464,㈱プラザセレクト,徳島,徳島市川内町平石若宮２０－９,088－624－8810,https://www.plaza-select.jp,pending
36-004076,㈲サニー住建工業,徳島,小松島市芝生町西浦１１４－１,0885－33－2514,https://sunny-juken.jp,pending
36-003856,㈱ヤマジホーム,徳島,徳島市大松町榎原外８４－１０,088－679－8526,https://hitoyane.jp,pending
36-005167,東四国ダイケンホーム㈱,徳島,板野郡松茂町広島北川向弐ノ越３２,088－699－6188,https://h-daiken.co.jp,pending
36-002277,㈱地建,徳島,徳島市上八万町西山５１２,088－644－1212,https://hitoyane.jp,pending
36-000369,ラッフルズホーム㈱,徳島,徳島市金沢１－２－７７,088－677－9900,https://hitoyane.jp,pending
00-016881,㈱北島建設,徳島,徳島市中洲町１－１４,088－623－5811,https://kitajimakensetsu.co.jp,pending
36-000497,鳳建設㈱,徳島,阿南市宝田町出口４－２,0884－22－1831,https://kensetsu.otori.jp,pending
36-070356,㈱暮らしデザイン,徳島,徳島市伊月町４－１－１,088－635－8075,https://hitoyane.jp,pending
36-070066,㈱クラフト,徳島,徳島市山城西３－１１－２,088－602－0313,https://craft-architec.jp,pending
36-070329,㈱姫野組住宅センター,徳島,徳島市南島田町２－７２－２,088－634－1010,https://hitoyane.jp,pending
36-075026,㈱ウザワ,徳島,鳴門市鳴門町高島北５８０,088－679－7516,https://hitoyane.jp,pending
36-001753,㈱岡本建設,徳島,阿南市那賀川町今津浦宮面４２－１,0884－42－0159,,pending
T36-002852,㈱ＳＵＭＩＫＡ,徳島,徳島市佐古六番町１１－４,088－678－5951,https://hitoyane.jp,pending
36-000205,中川建設㈱,徳島,阿南市富岡町あ石３０－１,0884－22－2712,https://ishinhome.co.jp/shop/tokushima_minami,pending
36-070038,㈱北島組,徳島,徳島市助任橋２－３３－１,088－653－7161,https://www.kitajima-gumi.co.jp,pending
36-002722,㈱城工務店,徳島,徳島市南昭和町１－１８－５,088－622－7845,https://sirokoumuten.com,pending
36-000556,西野建設㈱,徳島,阿南市向原町天羽畭１０３－１,0884－22－0315,https://nishinokensetsu.jp,pending
36-006543,㈱渡辺不動産,徳島,板野郡北島町江尻妙蛇池３２－１,088－698－4040,https://homestock.jp/author/watanabe-f,pending
36-070670,㈱岡田組,徳島,徳島市幸町１－４７－３,088－622－5185,https://hitoyane.jp,pending
36-070525,㈱スマイルＦａｃｔｏｒｙ,徳島,徳島市大谷町野見松２０－２,088－669－6357,https://hitoyane.jp,pending
36-003173,㈱誉建設,徳島,徳島市国府町北岩延中屋敷３０－３,088－642－2917,,pending
36-005691,㈱島出建築事務所,徳島,徳島市国府町早淵２７－６,088－642－5609,https://www.shimade.co.jp,pending
36-002754 ,㈲ジャンボ児島,徳島,阿南市羽ノ浦町中庄新ノ池１４－１,0884－44－2712,https://janbo-kojima.co.jp,pending
36-070531,㈲ダイゼン,徳島,徳島市南田宮３－４－７,088－634－3725,,pending
36-007834,㈲智粧,徳島,阿南市上中町岡９－１３,0884－24－8802,https://www.chisho-web.com,pending
36-007232,㈱ブリーズハウジング,徳島,徳島市北矢三町３－２－８４,088－660－7022,https://hitoyane.jp,pending
36-002217,㈱松島組,徳島,吉野川市鴨島町牛島１５７２－１,0883－24－1233,http://kataoka3.jp,pending
36-006892,㈲まもる建設,徳島,阿南市津乃峰町長浜１１８－３,0884－27－1213,https://www.mamoru-s.jp,pending
36-070008,㈱未来,徳島,板野郡藍住町勝瑞成長６０－１,088－641－0852,https://mirai-house.jp,pending
36-002798,㈱青木建設,徳島,徳島市東吉野町３－２６－１,088－625－8360,https://aokikensetsu.com,pending
36-000621,㈱阿部建設,徳島,徳島市佐古五番町４－１７,088－654－3276,,pending
36-007883,㈱伊川工務店,徳島,小松島市横須町８－５２,0885－32－3997,https://www.serector.jp,pending
36-003344,井川設計工房㈱,徳島,徳島市北沖洲１－９－２４,088－664－2170,https://hitoyane.jp,pending
36-070193,㈱樹,徳島,板野郡松茂町広島東裏４８－１,088－635－9000,https://hitoyane.jp,pending
36-007496,㈱ウェル,徳島,板野郡北島町江尻夷ノ本２５－２,088－697－2722,https://panasonic.co.jp/phs/pasd/pb-techno,pending
00-022493,尾本住建㈱,徳島,三好郡東みよし町足代１７０６－１,0883－79－5033,https://hitoyane.jp,pending
36-003791,㈱谷崎建設・設計事務所,徳島,板野郡藍住町勝瑞成長１４１－２３,088－641－1771,https://applehouse-archi.com,pending
36-050045,丸浦工業㈱,徳島,三好市池田町シンマチ１４６６,0883－72－1180,https://www.serector.jp,pending
36-007515,モーニングホーム㈱,徳島,徳島市国府町井戸高輪地４１－１,088－637－2111,http://www.morninghome.jp,pending
36-004903 ,山一興業㈱,徳島,徳島市中昭和町１－３,088－622－4711,https://www.yama-1.jp,pending
36-003681,㈲新井建設,徳島,徳島市飯谷町東沖野４７,088－645－0556,https://www.arai-kensetu.com,pending
36-004646,㈱コール,徳島,徳島市沖浜２－３０,088－655－3411,https://hitoyane.jp,pending
36-006701,㈱さかがみハウジング,徳島,阿南市上中町南島７１８－２,0884－23－7255,https://hitoyane.jp,pending
36-000221,ダイヒョウ㈱,徳島,名西郡石井町高原中島４５２,088－674－1470,https://hitoyane.jp,pending
37-006692,㈱日進堂,香川,高松市伏石町２０３７－１８,087－866－6100,https://wagaie.jp,pending
00-027557,日本エネルギー総合システム㈱,香川,高松市林町１９６４－１,087－813－5908,https://www.jpn-energy.jp/service/house,pending
37-001265,㈱ロータリーハウス,香川,高松市多肥下町１５９３－９,087－815－3911,https://shinmyo.jp,pending
37-008226,㈱ファミリーホーム,香川,高松市寺井町１０２４－２,087－813－7700,https://www.pure-house.co.jp,pending
37-005903,中庭住宅㈱,香川,高松市木太町３８３９－７,087－867－6767,https://shinmyo.jp,pending
37-008952,あなぶき・きなりの家㈱,香川,高松市木太町２１９０－３,087－813－2626,https://www.anabuki.co.jp,pending
37-007442,㈱オークラハウス,香川,丸亀市郡家町３５２９－１,0877－56－1133,http://www.marui-koumuten.co.jp,pending
37-007464,㈱ウッドホーム,香川,高松市林町２２１７－８,087－866－2050,https://ishizuka-k.jp,pending
37-006456,㈱明徳ホーム,香川,高松市香西北町４８９－１,087－881－8885,https://www.meitoku-home.co.jp,pending
37-008203,アイラックホーム㈱,香川,高松市上林町３０－８,087－880－7722,https://wagaie.jp,pending
37-008719,㈱大創,香川,観音寺市木之郷町２６－１,0875－24－9924,http://fujita-n.com,pending
37-004947,㈱三協,香川,観音寺市植田町１７１３－１,0875－23－2388,https://www.okochi.co.jp/?utm_source=yahoo&utm_medium=organic&utm_campaign=yahoo2022,pending
00-026063,㈱ダイエイハウス,香川,丸亀市飯野町東二５９９－１,0877－21－4123,https://shinmyo.jp,pending
00-027643,㈱サンフラワー,香川,高松市福岡町４－１０－１３,087－823－7145,,pending
37-007694,センコー産業㈱,香川,高松市春日町１６４２－４,087－844－8020,https://www.anabuki.co.jp,pending
37-006873,㈱ＭＩＹＡＧＡＷＡ,香川,丸亀市飯山町川原１０７３－１,0877－98－1430,https://wagaie.jp,pending
37-004984,㈱石田工務店,香川,三豊市豊中町比地大１２８９,0875－62－4381,https://www.kk-ishida.com,pending
37-002567,㈱大河内工務店,香川,三豊市山本町辻６０４,0875－63－4920,https://bit.ly/3Ozn59u,pending
37-004633,㈲黒石建設,香川,高松市牟礼町牟礼９４７－３,087－845－5209,https://kuroishi.jp,pending
37-002018,㈱田中建設,香川,三豊市高瀬町比地１３８９－１,0875－72－5021,https://ie.sumaiz.jp/kagawa/shop/T37150/info,pending
37-003785,㈱フソウリブテック,香川,高松市郷東町２１６,087－882－5711,https://fusolivetec.co.jp,pending
37-004849,㈱山倉建設,香川,丸亀市中津町７５６－５,0877－32－6600,,pending
37-009857,㈱ＭＲ,香川,綾歌郡綾川町陶２５０１－１,087－802－5199,https://www.anabuki.co.jp,pending
37-008853,㈱島色工務店,香川,高松市松縄町３４－３－１Ｆ,087－813－4016,,pending
37-001102,エヌケー建設㈱,香川,高松市木太町５０９８－４,087－868－1777,https://www.anabuki.co.jp,pending
37-009697,㈱大地,香川,高松市香川町川東下１８２５－１,087－814－4007,http://www.tachibanakk.jp,pending
00-006159,谷口建設興業㈱,香川,高松市上林町４７３－１,087－889－3000,https://www.anabuki.co.jp,pending
37-001417,吉田建設㈱,香川,高松市牟礼町牟礼２１０９－３,087－845－1188,https://www.anabuki.co.jp,pending
37-007017,㈱レオックス,香川,坂出市林田町５４０－１,0877－47－0908,http://www.marui-koumuten.co.jp,pending
37-009409,㈱アトム,香川,高松市鶴市町２０１５－７,087－873－2801,https://ishizuka-k.jp,pending
37-009156,㈱アンビエント,香川,高松市高松町１２８６－７,087－841－5770,https://www.anabuki.co.jp,pending
00-026641,㈱旺建,香川,高松市春日町１６３－１,087－843－5500,https://www.anabuki.co.jp,pending
37-000077,㈱菅組,香川,三豊市仁尾町仁尾辛１５－１,0875－82－2441,http://saiki-komuten.jp,pending
37-001913,㈱谷口工務店,香川,高松市川部町４６２－４,087－886－1356,,pending
37-007335,㈱谷本建設,香川,坂出市加茂町甲４５６－４,0877－35－7518,,pending
37-004791,㈱富山総合建築,香川,三豊市豊中町岡本５２０－１,0875－62－4629,http://tomi-ken.com,pending
37-000795,豊嶋建設㈱,香川,丸亀市飯山町下法軍寺８０８－１,0877－98－3131,https://www.anabuki.co.jp,pending
37-006278,三野津建設㈲,香川,三豊市詫間町詫間７０６６－４,0875－83－2594,https://www.minotu.com,pending
37-007199,㈲ミヤプロセス,香川,坂出市加茂町８５－６,0877－48－3136,https://careecon.jp/company/co2695982107,pending
37-009202,㈱ユメックス,香川,高松市林町２５３７－１０,087－814－3751,https://yumex-g.co.jp,pending
T37-004251,㈱Ｌｉｆｅスマイル,香川,高松市室新町１０１９－５－１Ｆ,087－899－8811,https://lifesmile.co.jp,pending
37-002341,㈱木村建設,香川,高松市中間町８６９－１,087－886－1008,,pending
37-009795,㈱ＣＵＡＴＲＯ,香川,高松市仏生山町甲４７２－１,087－880－8295,https://shinmyo.jp,pending
37-007601,㈱世亀建設,香川,高松市鬼無町佐藤５３－４,087－832－8470,https://www.kind-seiki.jp,pending
37-000173,㈱ビルド,香川,仲多度郡多度津町北鴨３－３－３５,0877－33－0650,https://www.anabuki.co.jp,pending
37-007978,㈱タニモト,香川,高松市多肥下町１５９３－７,087－813－5731,https://tanimoto.co.jp,pending
37-008802,㈱槙野ハウジング,香川,高松市木太町１６０９,087－835－5509,https://www.makinofudousan.jp,pending
37-005338,マキノ不動産開発㈱,香川,高松市木太町１６０９,087－835－5500,https://www.makinofudousan.jp,pending
37-007664,アースハウジング㈱,香川,高松市伏石町２１４０－１,087－815－0701,https://ishizuka-k.jp,pending
37-000457,㈱金丸工務店,香川,三豊市豊中町本山甲８５３－６,0875－62－4070,https://www.kanamarustyle.com,pending
00-025413,大企建設㈱,香川,善通寺市櫛梨町５００－１,0877－63－3377,https://taikikensetu.jp,pending
37-000808,谷口建築㈱,香川,高松市十川西町７８６－１２,087－848－2121,https://ishizuka-k.jp,pending
37-009964,㈱ハウスプロジェクト,香川,高松市松縄町１０１９－２２,087－802－9060,https://www.anabuki.co.jp,pending
37-001784,㈱石川組,香川,観音寺市吉岡町２１４－７,0875－25－4761,https://wh-engineering.jp/ishikawa-gumi,pending
37-003522,㈲石原建工,香川,善通寺市稲木町６１８,0877－62－8639,https://wagaie.jp,pending
37-007833,㈲亀山工務店,香川,丸亀市田村町６５９,0877－23－5313,https://wagaie.jp,pending
37-008217,建築工房ライズ㈱,香川,高松市多肥下町４０１－２,087－865－3559,https://ishizuka-k.jp,pending
37-002353,高陽建設㈱,香川,高松市西植田町１３８－１２,087－866－2280,https://wagaie.jp,pending
37-006595,㈱自然住宅弾,香川,高松市国分寺町福家甲３９７３,087－874－8089,https://www.casa-dan.jp,pending
37-001049,㈱新光住建,香川,丸亀市田村町４４１－１,0877－23－3515,https://shinmyo.jp,pending
37-007264,㈱住まいる館,香川,丸亀市金倉町１４３０－１,0877－35－9111,https://hottsmile.jp,pending
37-001185,㈱田中工務店,香川,高松市上天神町６８６－１,087－869－7703,,pending
37-007630,㈲和住宅,香川,丸亀市飯野町東分９３１－１,0877－43－2753,https://www.anabuki.co.jp,pending
37-007632,㈲西建住宅,香川,高松市鶴市町１０２－６,087－880－8461,https://www.anabuki.co.jp,pending
37-008130,㈱パッシオパッシブ,香川,丸亀市垂水町３１４５－１,0877－28－2855,,pending
37-009904,㈱ｐａｓｓｉｖｅｄｅｓｉｇｎｈｏｕｓｅＭｉＲａｉｅ,香川,高松市仏生山町甲４０８－１,087－887－5809,https://passive-miraie.jp,pending
37-006588,ヒロセ設計㈱,香川,さぬき市寒川町石田東甲９９３,0879－43－2560,https://ishizuka-k.jp,pending
37-000313,㈱佐伯工務店,香川,小豆郡土庄町肥土山甲２０９３－３,0879－62－0774,http://saiki-komuten.jp,pending
37-001375,㈱新名工務店,香川,高松市西春日町１１３０,087－867－1344,,pending
37-005029,㈱ハウスサービス,香川,東かがわ市小磯４４９－１,0879－25－8444,https://house-yume.co.jp,pending
00-000968,㈱一宮工務店,愛媛,新居浜市西原町２－４－３４,0897－33－4165,,pending
00-027833,㈱コラボハウス,愛媛,松山市北井門２－１２－５,089－968－2977,https://www.toryukoumuten.jp,pending
00-007966,堀田建設㈱,愛媛,八幡浜市郷１番耕地１２－１,0894－24－3850,http://kawakamikk.co.jp,pending
00-026760,白石建設工業㈱,愛媛,新居浜市久保田町３－９－２０,0897－33－4812,https://www.shiraishi-inc.co.jp,pending
00-018591,㈱アットハウジング,愛媛,松山市平井町甲２３８２,089－976－7255,https://www.toryukoumuten.jp,pending
38-016545,㈱アレス,愛媛,松山市生石町１２６－３,089－994－6317,https://www.kensetumap.com/company/445095/profile.php,pending
38-012077,㈱幹建設,愛媛,松山市来住町９２５－６,089－970－7890,,pending
38-000410,㈱タニグチ,愛媛,今治市延喜甲３０３－８,0898－22－4016,https://www.e-nishibuchi.co.jp,pending
38-001334,㈱山本建設,愛媛,喜多郡内子町城廻４７２,0893－44－2638,https://www.yama-kensetsu.co.jp,pending
38-017269,㈱アート不動産,愛媛,松山市朝生田町７－４－６,089－961－1400,https://www.toryukoumuten.jp,pending
38-018242,㈱ヤマトホーム,愛媛,松山市北土居５－９－２１,089－909－7581,https://fuji-komuten.co.jp,pending
38-001061,㈱富士造型,愛媛,松山市立花６－３－４３,089－943－5236,https://fuji-komuten.co.jp,pending
38-017348,㈱ギャラリーハウス,愛媛,松山市和泉北２－９－１８－１Ｆ,089－913－2007,https://www.toryukoumuten.jp,pending
38-014318,㈱セイコー不動産,愛媛,新居浜市松木町４－２５,0897－40－1567,https://www.toryukoumuten.jp,pending
38-011022,㈱下元工務店,愛媛,西予市宇和町久枝甲１３８９,0894－62－0282,,pending
38-016187,㈱アマミホーム,愛媛,松山市東長戸４－７－４１,089－992－9201,https://www.toryukoumuten.jp,pending
38-000415,㈱白石工務店,愛媛,新居浜市黒島１－３－２９,0897－46－2275,,pending
38-014037,興陽商事㈱,愛媛,四国中央市川之江町１６５５－３,0896－58－5298,https://www.toryukoumuten.jp,pending
38-002346,河窪建設㈱,愛媛,松山市北吉田町１０３８,089－971－2400,http://kawakamikk.co.jp,pending
38-011886,コウテイ建設㈱,愛媛,松山市本町２－１－１,089－947－7800,http://kawakamikk.co.jp,pending
38-012987,㈱ミツワ都市開発,愛媛,松山市勝山町２－４－７,089－933－3339,http://kawakamikk.co.jp,pending
38-004946,㈱マルイ,愛媛,西条市ひうち西ひうち３－３９,0897－53－3830,https://www.toryukoumuten.jp,pending
38-004671,越智住宅産業㈱,愛媛,松山市束本２－１０－１９,089－941－1581,http://kawakamikk.co.jp,pending
38-014923,大屋不動産㈱,愛媛,西条市神拝甲５３５－１,0897－56－2641,https://www.toryukoumuten.jp,pending
38-009969,新日本建設㈱,愛媛,松山市空港通３－９－３,089－971－0255,https://www.toryukoumuten.jp,pending
38-016096,㈱建築工房小越,愛媛,今治市鐘場町１－２－７,0898－32－2120,http://kawakamikk.co.jp,pending
38-016956,㈱風土,愛媛,松山市来住町１３４４－１,089－976－7311,https://www.toryukoumuten.jp,pending
38-011807,ミセスホーム㈱,愛媛,松山市山越５－８－１５,089－926－0303,https://www.toryukoumuten.jp,pending
38-013921,㈲滝川建築,愛媛,伊予郡松前町永田４２５－１,089－985－3145,,pending
38-000798,重松建設㈱,愛媛,今治市常盤町４－７－６,0898－22－2566,https://www.toryukoumuten.jp,pending
38-017923,㈱シンプルハウス,愛媛,松山市西石井４－２－１６－１Ｆ,089－968－2217,https://www.toryukoumuten.jp,pending
38-017883,㈱ウリモ,愛媛,松山市南江戸２－８－１５,089－995－8835,https://www.toryukoumuten.jp,pending
T38-005160,㈱ケーズハウス,愛媛,松山市枝松３－６－３７,089－913－1313,https://www.toryukoumuten.jp,pending
38-006923,伊大建設㈱,愛媛,大洲市阿蔵甲１６８０,0893－23－5211,https://www.toryukoumuten.jp,pending
38-012924,㈲鳥生工務店,愛媛,今治市大西町紺原甲７２８－３,0898－53－4535,https://www.toryukoumuten.jp,pending
38-016873,㈱プラスワン,愛媛,松山市来住町１０７４－８,089－975－3939,https://www.toryukoumuten.jp,pending
38-004532,㈱松井建設,愛媛,松山市東石井６－３－１１,089－956－6433,https://www.matsui-kensetsu.co.jp,pending
38-011618,サンホーム㈱,愛媛,西条市新田１７３－１,0897－53－2468,https://fuji-komuten.co.jp,pending
38-012017,㈱マミーハウス,愛媛,伊予市下吾川２０４５－１,089－982－3450,https://www.toryukoumuten.jp,pending
38-016377,㈱もみじ建築,愛媛,松山市山西町６３８－５,089－953－6688,,pending
38-006189,㈱川下建設,愛媛,西条市新田２１５－１,0897－55－4147,https://www.kawashita.co.jp,pending
38-005737,ＴＯＡＨＯＭＥ㈱,愛媛,松山市和泉北１－１５－１０,089－915－6077,https://www.toryukoumuten.jp,pending
38-016701,㈱真建ホームズ,愛媛,松山市宮西１－６－３,089－923－6636,https://www.toryukoumuten.jp,pending
38-016615,㈱トータルエステート・プロ,愛媛,西条市朔日市７３０－１,0897－58－5551,http://kawakamikk.co.jp,pending
38-016634,アースハウジング㈱,愛媛,松山市松末１－４－１０,089－933－9112,https://www.toryukoumuten.jp,pending
38-011966,㈲加地工務店,愛媛,四国中央市土居町津根１７６１－１,0896－74－3136,https://www.kaji-k.com,pending
38-015165,㈱藤田組,愛媛,西条市大町１９３－４,0897－47－3556,https://fuji-komuten.co.jp,pending
38-000716,中央綜合建設㈱,愛媛,西予市宇和町卯之町１－３９６,0894－62－0327,https://www.toryukoumuten.jp,pending
38-017662,㈱ファンホームスタジオ,愛媛,松山市束本１－５－２８,089－993－5973,https://www.toryukoumuten.jp,pending
38-013719,㈱アシャンテ,愛媛,松山市枝松１－９－３３,089－993－8558,https://www.toryukoumuten.jp,pending
38-013188,大工きくち㈲,愛媛,大洲市阿蔵乙３０４－７,0893－23－4137,,pending
38-015368,㈱ヒロ建設工業,愛媛,松山市竹原４－８－８,089－998－2775,https://hiroken1004.com,pending
38-016537,㈱クリエイト伸,愛媛,四国中央市金生町下分１０７３－１,0896－22－3448,https://www.toryukoumuten.jp,pending
T38-004785,㈲ディア・コーポレーション,愛媛,松山市山越４－３－７－９０１,089－911－0262,https://www.dia-corporation.com,pending
38-016794,ウィンウィンホーム㈱,愛媛,西条市喜多川６２０,0897－56－8700,https://www.toryukoumuten.jp,pending
38-011137,㈱アクティブ・アート,愛媛,松山市小坂３－４－５,089－993－5454,https://www.toryukoumuten.jp,pending
38-014353,㈱コーシンコンストラクション,愛媛,松山市古川西３－１－１,089－993－8001,https://koshin-c.jp,pending
38-002925,愛媛ハウジング㈱,愛媛,松山市衣山４－７０－７,089－926－0002,https://www.toryukoumuten.jp,pending
38-015490,㈲彩・住館,愛媛,宇和島市保手５－１０－３,0895－20－1780,https://www.toryukoumuten.jp,pending
38-000392,㈱千葉工務店,愛媛,西予市宇和町加茂９８－１,0894－62－2388,,pending
38-011984,藤岡萬建設㈲,愛媛,東温市田窪３３２－１,089－964－3164,https://cocochi-casa.co.jp,pending
38-017637,㈱タイケン,愛媛,松山市古川西２－８－４４,089－968－1145,https://www.toryukoumuten.jp,pending
38-017981,㈱ｍａｎｔｅｎ,愛媛,松山市余戸東１－１－３,089－994－8551,https://www.toryukoumuten.jp,pending
38-014856,㈲松本スレート興業,愛媛,西条市本町１３４－３,0897－53－7240,https://www.nuri-kae.jp/company/827,pending
38-000202,㈲小野建設,愛媛,新居浜市沢津町２－９－５５,0897－32－2981,https://blr.jp/houjin/15620.html,pending
38-016023,㈱辰工務店,愛媛,八幡浜市五反田１－５００－１,0894－24－6366,http://tatsu-k.jp,pending
38-010808,横山建工㈲,愛媛,宇和島市愛宕町２－２－２０,0895－22－7276,http://kawakamikk.co.jp,pending
38-014214,㈱西渕工務店,愛媛,喜多郡内子町城廻３７６－１,0893－44－3392,https://www.e-nishibuchi.co.jp,pending
38-016117,㈱ＳＡＫＡＩ　ＨＯＵＳＥ,愛媛,松山市古川南３－１６－３９,089－969－8770,https://www.toryukoumuten.jp,pending
38-016806,㈱みのりホーム,愛媛,松山市福音寺町４２－６,089－976－0047,https://www.toryukoumuten.jp,pending
38-013928,㈲尾藤工務店,愛媛,四国中央市土居町上野１１８９－３,0896－74－3588,https://bitou.co,pending
38-007706,徳永鉄建㈱,愛媛,西条市丹原町北田野８３－１,0898－68－5577,https://fuji-komuten.co.jp,pending
38-017352,㈱真聖建設,愛媛,松山市馬木町１００２－６,089－978－1862,,pending
38-015332,カジワラホーム㈱,愛媛,四国中央市妻鳥町１２１０－１,0896－56－7701,http://kawakamikk.co.jp,pending
38-007033,東洋ハウス工業㈱,愛媛,今治市郷六ヶ内町３－２－１８,0898－31－5764,https://fuji-komuten.co.jp,pending
38-010485,日吉産業㈱,愛媛,今治市南高下町１－３－１５,0898－34－0212,https://fuji-komuten.co.jp,pending
38-017711,㈱喜建設,愛媛,伊予市下吾川４８０－４,089－916－3262,https://i-yoshiken.com,pending
38-017445,㈱アイホーム,愛媛,松山市東垣生町７１－１,089－905－6080,http://kawakamikk.co.jp,pending
38-016438,㈲守矢建設,愛媛,西条市朔日市１３２－１,0897－53－1817,https://www.webcoco.jp/gallery/497.html,pending
38-014743,㈱デザインアルボー,愛媛,松山市空港通１－９－１３,089－973－8900,https://www.toryukoumuten.jp,pending
38-007391,フモト建設㈱,愛媛,松山市土居町７３７－３,089－957－4141,https://www.toryukoumuten.jp,pending
38-006296,㈱藤工務店,愛媛,今治市石井町１－１－９,0898－33－1222,https://fuji-komuten.co.jp,pending
38-011962,㈲獏工房,愛媛,松山市和泉南３－１－１,089－958－6600,https://www.bakukohboh.com,pending
38-016483,㈱住工房たかせ,愛媛,西条市今在家３５４－１０,0898－65－6861,https://www.toryukoumuten.jp,pending
38-011863,㈱東予ハウジング,愛媛,西条市北条１１８４－２０,0898－35－5223,https://www.toyohousing.co.jp,pending
38-017078,㈱桧家住宅愛媛,愛媛,松山市鴨川２－１７－３１,089－978－7750,https://www.toryukoumuten.jp,pending
38-013337,オクトハウス㈱,愛媛,松山市松末１－６－２６,089－934－6160,https://www.toryukoumuten.jp,pending
38-017505,㈱アカマツハウジング,愛媛,宇和島市保田甲１３２９－２,0895－49－1888,https://www.toryukoumuten.jp,pending
38-007257,㈱石川工務店,愛媛,西条市飯岡１５０５－１７,0897－56－3237,,pending
38-012315,㈱飛鳥,愛媛,西条市新田２７７－１,0897－55－1424,https://www.toryukoumuten.jp,pending
38-014282,梶原宅建㈱,愛媛,今治市小泉３－９－１２,0898－32－9776,https://partnershop.takara-standard.co.jp/shop/2463,pending
38-016254,㈱八紘,愛媛,西条市朔日市７３７－３,0897－53－1647,http://kawakamikk.co.jp,pending
38-018472,㈱シムデザイン,愛媛,松山市久万ノ台２８３,089－995－8646,https://www.toryukoumuten.jp,pending
38-006646,㈲横田建設,愛媛,今治市菊間町浜１０２９,0898－54－5245,https://www.kensetumap.com/company/443728/profile.php,pending
38-018693,㈱ａｓｓｏｃｉｅ　ＬＡＢ,愛媛,西条市氷見乙８１８－３,0897－47－7316,,pending
38-013646,㈲進和建設所,愛媛,伊予郡砥部町高尾田２５－１,089－957－6264,https://www.toryukoumuten.jp,pending
38-016496,㈱オカダハウジング,愛媛,西条市本町２９－１,0897－56－5568,https://jutakusakka.jp,pending
38-012894,㈱白川建設,愛媛,新居浜市御蔵町３－２９,0897－41－1324,https://s-architecture.co.jp,pending
38-015033,㈲アイワホーム,愛媛,新居浜市江口町３－２１,0897－34－1600,https://rebuild.hapisumu.jp/h-company/84326,pending
38-016914,えひめ住販㈱,愛媛,松山市森松町１０３５－１,089－997－7230,https://www.toryukoumuten.jp,pending
38-010186,三瓶不動産㈱,愛媛,松山市来住町６０３－９,089－976－7600,https://www.toryukoumuten.jp,pending
38-016141,㈱ＳＥＮＳＩＢＬＥ,愛媛,松山市鷹子町５５１－１,089－989－3885,http://kawakamikk.co.jp,pending
99-000018,㈱ＯＮＥ’Ｓ　ＳＴＹＬＥ　ＮＩＳＨＩＫＡＷＡ,愛媛,四国中央市上分町３２８－５,0896－22－4122,https://nishikawa-kensetsu.jp,pending
38-012245,㈱ハウスコム,愛媛,今治市山方町２－甲１１７９,0898－23－5507,https://housecom-ltd.jp,pending
38-010713,㈱トータルハウジング・トップ,愛媛,松山市今在家２－１－４,089－957－2777,https://www.toryukoumuten.jp,pending
38-014803,㈲みやびハウジング,愛媛,新居浜市中筋町２－６－１２,0897－43－6981,https://www.toryukoumuten.jp,pending
T38-005514,㈱みうら,愛媛,松山市三津２－５－２３,089－952－0333,https://www.toryukoumuten.jp,pending
00-022876,㈱岸之上工務店,高知,高知市西秦泉寺４３５－１,088－822－2222,https://www.kishinoue.co.jp,pending
00-015697,和建設㈱,高知,高知市北本町４－３－２５,088－885－5888,https://www.kishinoue.co.jp,pending
39-008562,㈱フタガミ,高知,南国市双葉台１,088－856－6801,https://www.kishinoue.co.jp,pending
00-027110,㈱建匠,高知,高知市梅ノ辻３－１６,088－831－5496,https://www.kishinoue.co.jp,pending
39-001961,㈱ネクスト・オカモト,高知,高知市北金田１０－３,088－882－9000,https://www.kishinoue.co.jp,pending
39-005742,フクヤ建設㈱,高知,高知市薊野西町３－３５－２９,088－845－4618,https://www.kishinoue.co.jp,pending
39-007651,㈲タイセイホーム,高知,高知市福井町１７７９－１,088－854－3030,https://www.taiseihome.net,pending
39-003637,㈱益岡工務店,高知,高知市葛島２－７－９,088－883－2235,https://www.masuoka-fp.com,pending
39-007057,㈱はりまや住宅,高知,高知市丸ノ内２－８－１７,088－873－5252,https://www.kishinoue.co.jp,pending
39-001635,㈱響建設,高知,高知市鴨部１－２２－２４,088－844－7300,https://hibiki-cc.jp,pending
39-008230,建築工房望㈲,高知,高知市介良乙９９８－５,088－878－7174,https://www.kishinoue.co.jp,pending
39-006694,記念住宅㈱,高知,高知市八反町２－１０－２,088－871－6800,https://www.kishinoue.co.jp,pending
39-006303,㈱タニケン,高知,高知市薊野西町１－２４－１５,088－845－8311,https://www.kishinoue.co.jp,pending
39-000935,㈱杉本住宅産業,高知,四万十市具同５１１４,0880－37－1520,https://sugimoto-js.jp,pending
39-005503,㈲矢野工務店,高知,須崎市浜町２－３－５,0889－42－2062,http://yanostyle.jp,pending
39-008174,㈱トラスト建設,高知,高知市洞ケ島町７－１５,088－875－2100,,pending
39-007555,㈲太田建築,高知,高知市福井町２１８７－２３,088－875－2450,https://www.ootakensetu.co.jp/company,pending
39-009025,㈱酒井建設,高知,高知市薊野北町１－８－４１,088－845－7130,https://www.sakai-k.net,pending
39-001273,㈲前里工務店,高知,高知市高埇８－１４,088－883－1044,https://www.maesato.com,pending
39-008912,シュウハウス工業㈱,高知,高知市大津乙１０５５－１,088－866－4009,https://www.kishinoue.co.jp,pending
39-010183,㈱ｊｉｇｓａｗ,高知,高知市南川添２４－１１,088－802－5400,https://www.kishinoue.co.jp,pending
39-009708,㈱ライフラインサービス,高知,高知市高須東町１－２５,088－855－4191,https://www.xn--eckam5cua5jqbn2pc5ivec4602w.jp/company.html,pending
39-006586,㈱ＭＡＳＡＯＫＡ,高知,須崎市大間西町３－１７,0889－43－1850,https://www.kishinoue.co.jp,pending
39-009556,㈱はるが建設,高知,高知市介良乙９９３－９,088－855－8755,https://haruga.jp,pending
39-008019,㈲大﨑建築,高知,高知市中久万２２３－８,088－879－3094,https://www.ohsaki-kenchiku.jp,pending
39-010287,スリーエムホーム高知㈱,高知,高知市高そね５－６,088－821－6018,https://www.kishinoue.co.jp,pending
39-006742,㈱葉山不動産,高知,高知市城山町２０１－１,088－844－4000,https://www.kishinoue.co.jp,pending
39-009720,タカ・ホーム㈱,高知,高知市朝倉丙６８０－７,088－854－8835,https://www.kishinoue.co.jp,pending
39-006371,丸和建設㈱,高知,高知市南万々５９－２,088－875－7400,https://www.kishinoue.co.jp,pending
39-004324,宇田見建設㈱,高知,高知市薊野南町７－１６,088－845－8100,https://www.kishinoue.co.jp,pending
39-006254,㈲藤川工務店,高知,長岡郡本山町本山３６５,0887－76－2016,https://fujikawa3.com,pending
39-009749,㈱らんどめいど,高知,高知市北金田１０－２８,088－883－6400,https://www.kishinoue.co.jp,pending
39-005243,㈲高知ビルハウス,高知,高知市中久万１８５,088－855－6111,https://www.kishinoue.co.jp,pending
39-007271,㈱平安アーキテクト,高知,高知市桟橋通２－８－５,088－831－8811,https://www.kishinoue.co.jp,pending
T39-002907,㈱シオミホームイング,高知,高知市大谷公園町１４－７,088－843－1099,https://www.kishinoue.co.jp,pending
39-006599,㈲門平工務店,高知,高知市重倉５７８－４,088－845－5330,https://www.kadohira-k.com,pending
39-008990,㈱開成開発,高知,高知市越前町２－８－２－２Ｆ,088－823－7684,https://kaisei-h.jp,pending
39-006700,幸創建設㈱,高知,高知市稲荷町７－２５,088－855－7171,https://koso-eco.co.jp,pending
39-006333,㈱福徳建設,高知,高知市南金田１２－１２,088－883－9396,,pending
39-008467,㈱高知中央ホーム,高知,高知市秦南町１－１－１６,088－824－2828,https://www.kishinoue.co.jp,pending
39-007567,㈲フォームズプラン,高知,高知市薊野北町４－７－１８,088－846－2277,https://www.fomesplan.jp,pending
39-009126,㈲みさとハウジング,高知,高知市葛島３－５－１４,088－855－7213,https://www.misato-housing.jp,pending
39-007543,㈲まるなか住宅,高知,高知市比島町３－１９－１５,088－824－6666,https://www.kishinoue.co.jp,pending
39-003880,㈲三谷工務店,高知,高知市中久万５０９－２,088－824－2002,,pending
39-007058,㈱彩都建設,高知,高知市高埇３－２１,088－885－2400,https://www.openwork.jp/company.php,pending
39-009907,ウッドスタイル㈱,高知,土佐市蓮池２０２８－１,088－879－0872,https://www.kishinoue.co.jp,pending
39-001194,㈱土居工務店,高知,高知市高須本町８－３,088－884－1771,https://www.tomohome.jp,pending
39-010576,㈱シーホーム,高知,高知市南万々３５－８,088－802－3050,https://www.kishinoue.co.jp,pending
39-006346,㈱マンデリン,高知,高知市北本町１－７－２２,088－825－1000,https://www.kishinoue.co.jp,pending
39-008397,㈲山中住建,高知,高知市針木北２－１０－３８,088－843－1123,https://www.kishinoue.co.jp,pending
T39-002830,㈱サンキューホーム,高知,高知市塚ノ原１２７－５,088－879－7539,https://www.kishinoue.co.jp,pending
